<?xml version="1.0" encoding="UTF-8"?>
    <addon id="repository.paradise" name="paradise repo" version="0.1.0" provider-name="Pablo1967">
        <requires>
            <import addon="xbmc.addon" version="12.0.0"/>
        </requires>
        <extension point="xbmc.addon.repository" name="paradise repo">
            <info compressed="false">https://github.com/pablo1967/paradise_repo/addons.xml</info>
            <checksum>https://github.com/pablo1967/paradise_repo/addons.xml.md5</checksum>
            <datadir zip="true">https://github.com/pablo1967/paradise_repo/</datadir>
            <hashes>false</hashes>
        </extension>
        <extension point="xbmc.addon.metadata">
            <summary>Home of the Celtic FC addonn</summary>
            <description>Glasgows Green And White UTLR</description>
            <platform>all</platform>
    </extension>
</addon>